commit_hash,date,author,subject,status,file_path,old_file_path
7347d99f26c19218c672984c855ad58648d05d00,2025-11-19,Zuha Aqib,"made a code which extracts all the git history in a csv with required info, will use for a readme",A,extract_git_history.py,
341fc1dbf6acda93a2f31d5d47732b5d07cc0172,2025-11-19,Zuha Aqib,"makes a structure in a txt of the repo, will use for making readme",A,structure-maker.py,
4f664bbe4a7ef16445860f885e30e827f689a65f,2025-11-18,Zuha Aqib,0.7106,M,logs/experiments_log_Zuha.csv,
4f664bbe4a7ef16445860f885e30e827f689a65f,2025-11-18,Zuha Aqib,0.7106,M,submissions/ensemble_Zuha_Ensemble_XGB_AdaBoost.csv,
a923cfea3a99725fec742c6108d80210981a63cf,2025-11-18,Zuha Aqib,0.6047,M,submissions/submission_linear_logreg_ensemble.csv,
d59a9aa8e7c1be869ad22154ad9664ff6cf38741,2025-11-18,Zuha Aqib,0.6000,M,submissions/submission_linear_logreg_ensemble.csv,
64dcac675bb46c0dcf99e3f02cea2e962000464a,2025-11-18,Zuha Aqib,"""dunno maham is submitting""",M,submissions/submission_linear_logreg_ensemble.csv,
fa2cb8f1ee0ca92c9b3b65bef8b1bfa4d4a75201,2025-11-18,Zuha Aqib,0.7132,A,submissions/submission_linear_logreg_ensemble.csv,
17fc8c112be6d6aeb78aec9633161b70509b433c,2025-11-18,Zuha Aqib,renamed logreg+xgb,R100,16-logreg_xgb-ensemble.ipynb,16-new.ipynb
17fc8c112be6d6aeb78aec9633161b70509b433c,2025-11-18,Zuha Aqib,renamed logreg+xgb,R100,submissions/logreg_xgb-ensemble.csv,submission.csv
588f83b41b872bd594990202667917baefbc7279,2025-11-18,Zuha Aqib,0.7636,M,submissions/random_Zuha.csv,
a33e82a21cffcd0e8299b6126b5c0570c50c9d43,2025-11-17,Zuha Aqib,fixed file type (added .ipynb at the end),R100,14-logreg_linearSVM-ensemble.ipynb,14-logreg_linearSVM-ensemble
a33e82a21cffcd0e8299b6126b5c0570c50c9d43,2025-11-17,Zuha Aqib,fixed file type (added .ipynb at the end),R100,15-highest-running.ipynb,15-highest-running
3e745f9391a0c84a31e52bba8710e344948394f3,2025-11-17,Zuha Aqib,Merge branches 'main' and 'main' of https://github.com/z-aqib/ml-competition,,,
506eb9b61e2d58d1bcfe0985685133a329649717,2025-11-17,Zuha Aqib,0.5753,A,16-new.ipynb,
506eb9b61e2d58d1bcfe0985685133a329649717,2025-11-17,Zuha Aqib,0.5753,A,submission.csv,
a480076c11212f82634e4bb8dbe23ab13afd9805,2025-11-17,Zuha Aqib,0.7106,A,15-highest-running,
ff139682aab3c3366f44f01ed8bc8792d4e56c03,2025-11-17,Zuha Aqib,0.7247,M,12-ensemble.ipynb,
ff139682aab3c3366f44f01ed8bc8792d4e56c03,2025-11-17,Zuha Aqib,0.7247,M,logs/experiments_log_Zuha.csv,
ff139682aab3c3366f44f01ed8bc8792d4e56c03,2025-11-17,Zuha Aqib,0.7247,M,submissions/ensemble_Zuha_original.csv,
d5e04d9347a90d56a6194145ac99181dfdddca60,2025-11-17,Zuha Aqib,0.7277,M,12-ensemble.ipynb,
d5e04d9347a90d56a6194145ac99181dfdddca60,2025-11-17,Zuha Aqib,0.7277,M,logs/experiments_log_Zuha.csv,
d5e04d9347a90d56a6194145ac99181dfdddca60,2025-11-17,Zuha Aqib,0.7277,M,submissions/ensemble_Zuha_4.csv,
6352e1c3ef9934bfabe2b3730de1005e3887c79a,2025-11-17,Zuha Aqib,0.6047,M,14-logreg_linearSVM-ensemble,
af22db4187eaaa2938b5646b6515bcf39924cc68,2025-11-17,Zuha Aqib,0.6000,M,14-logreg_linearSVM-ensemble,
b4ef63815479113946f8d2f02bd39af336b7f066,2025-11-17,Zuha Aqib,dunno maham is submitting for me,M,14-logreg_linearSVM-ensemble,
b582b18b00111247531fe32568bcae35feec4d46,2025-11-17,Zuha Aqib,0.7132,A,14-logreg_linearSVM-ensemble,
c3c7184ca2301dacfbb38dcbc168bed195c0b904,2025-11-17,Zuha Aqib,0.7323,M,12-ensemble (4).ipynb,
c3c7184ca2301dacfbb38dcbc168bed195c0b904,2025-11-17,Zuha Aqib,0.7323,M,logs/experiments_log_Zuha.csv,
c3c7184ca2301dacfbb38dcbc168bed195c0b904,2025-11-17,Zuha Aqib,0.7323,A,submissions/ensemble_Zuha_4.csv,
54f9cfad8ec804af046938431e703ee27f3a0e6e,2025-11-17,Zuha Aqib,0.7323,M,12-ensemble.ipynb,
54f9cfad8ec804af046938431e703ee27f3a0e6e,2025-11-17,Zuha Aqib,0.7323,A,submissions/ensemble_Zuha_original.csv,
cdd1bb6e74970069f5f93132ee1d56f959833dd3,2025-11-17,Zuha Aqib,Merge branch 'main' of https://github.com/z-aqib/ml-competition,,,
d95b9a7cecc4c0a1bb81ff4b48b9c3e2b72354b4,2025-11-17,Zuha Aqib,"data part 2 - best file from p1, 0.7362",A,12-ensemble (4).ipynb,
d95b9a7cecc4c0a1bb81ff4b48b9c3e2b72354b4,2025-11-17,Zuha Aqib,"data part 2 - best file from p1, 0.7362",M,logs/experiments_log_Zuha.csv,
d95b9a7cecc4c0a1bb81ff4b48b9c3e2b72354b4,2025-11-17,Zuha Aqib,"data part 2 - best file from p1, 0.7362",M,submissions/ensemble_Zuha_Ensemble_XGB_AdaBoost.csv,
26b840f0585cc6419de04ea2cbda443dfb64e84d,2025-11-17,Maham Junaid,Merge branch 'main' of https://github.com/z-aqib/ml-competition,,,
7ebfc32470bcb0a2eeda1386a826440e827b0199,2025-11-17,Maham Junaid,hi,M,12-ensemble.ipynb,
7ebfc32470bcb0a2eeda1386a826440e827b0199,2025-11-17,Maham Junaid,hi,M,logs/experiments_log_Maham.csv,
7ebfc32470bcb0a2eeda1386a826440e827b0199,2025-11-17,Maham Junaid,hi,A,submissions/ensemble_maham_Ensemble_FINAL_XGB_Ada_LR.csv,
7ebfc32470bcb0a2eeda1386a826440e827b0199,2025-11-17,Maham Junaid,hi,A,submissions/ensemble_maham_Ensemble_XGB_AdaBoost.csv,
7ebfc32470bcb0a2eeda1386a826440e827b0199,2025-11-17,Maham Junaid,hi,A,submissions/ensemble_maham_Ensemble_XGB_AdaBoost2.csv,
ffe9dedea6565e2fcf1d61b7a0bbb0887dd7c82b,2025-11-17,Maham Junaid,mahams commit,M,catboost_info/catboost_training.json,
ffe9dedea6565e2fcf1d61b7a0bbb0887dd7c82b,2025-11-17,Maham Junaid,mahams commit,M,catboost_info/learn/events.out.tfevents,
ffe9dedea6565e2fcf1d61b7a0bbb0887dd7c82b,2025-11-17,Maham Junaid,mahams commit,M,catboost_info/learn_error.tsv,
ffe9dedea6565e2fcf1d61b7a0bbb0887dd7c82b,2025-11-17,Maham Junaid,mahams commit,M,catboost_info/time_left.tsv,
ffe9dedea6565e2fcf1d61b7a0bbb0887dd7c82b,2025-11-17,Maham Junaid,mahams commit,M,logs/experiments_log_Maham.csv,
ffe9dedea6565e2fcf1d61b7a0bbb0887dd7c82b,2025-11-17,Maham Junaid,mahams commit,A,submissions/ensemble_maham_ensemble_cat_softvote.csv,
ffe9dedea6565e2fcf1d61b7a0bbb0887dd7c82b,2025-11-17,Maham Junaid,mahams commit,A,submissions/ensemble_maham_ensemble_catxgb_softvote.csv,
ffe9dedea6565e2fcf1d61b7a0bbb0887dd7c82b,2025-11-17,Maham Junaid,mahams commit,A,submissions/ensemble_maham_ensemble_lr_softvote.csv,
ffe9dedea6565e2fcf1d61b7a0bbb0887dd7c82b,2025-11-17,Maham Junaid,mahams commit,A,submissions/ensemble_maham_ensemble_lrcatsvm_softvote.csv,
ffe9dedea6565e2fcf1d61b7a0bbb0887dd7c82b,2025-11-17,Maham Junaid,mahams commit,A,submissions/ensemble_maham_ensemble_svm_softvote.csv,
ffe9dedea6565e2fcf1d61b7a0bbb0887dd7c82b,2025-11-17,Maham Junaid,mahams commit,A,submissions/ensemble_maham_ensemble_xgb_softvote.csv,
cf4aa5e53819b05f2d68140ede7941b554a42228,2025-11-17,Zuha Aqib,updated dataset part2,A,12-ensemble-datap2.ipynb,
b053a6a494cdab7e7a4c984bbf27e7270201202a,2025-11-17,Zuha Aqib,added new dataset,A,data/train_part2.json,
d0bdd2b698c65fa48fcde40004a46c17d2d1e5eb,2025-11-17,Zuha Aqib,Merge branch 'main' of https://github.com/z-aqib/ml-competition,,,
96d7357aed50e27a1b30d5b54b61a561f514ba50,2025-11-17,Zuha Aqib,"inc estimators to 1300, 0.7593",M,12-ensemble.ipynb,
96d7357aed50e27a1b30d5b54b61a561f514ba50,2025-11-17,Zuha Aqib,"inc estimators to 1300, 0.7593",M,logs/experiments_log_Zuha.csv,
96d7357aed50e27a1b30d5b54b61a561f514ba50,2025-11-17,Zuha Aqib,"inc estimators to 1300, 0.7593",M,submissions/ensemble_Zuha_Ensemble_XGB_AdaBoost.csv,
13839a966055efc7b0a04f44a71deb9348eda358,2025-11-17,maryamihsan,many changes,A,12-ensemble (1).ipynb,
13839a966055efc7b0a04f44a71deb9348eda358,2025-11-17,maryamihsan,many changes,A,12-ensemble1.ipynb,
13839a966055efc7b0a04f44a71deb9348eda358,2025-11-17,maryamihsan,many changes,A,12-ensemble2.ipynb,
13839a966055efc7b0a04f44a71deb9348eda358,2025-11-17,maryamihsan,many changes,M,catboost_info/catboost_training.json,
13839a966055efc7b0a04f44a71deb9348eda358,2025-11-17,maryamihsan,many changes,M,catboost_info/learn/events.out.tfevents,
13839a966055efc7b0a04f44a71deb9348eda358,2025-11-17,maryamihsan,many changes,M,catboost_info/learn_error.tsv,
13839a966055efc7b0a04f44a71deb9348eda358,2025-11-17,maryamihsan,many changes,M,catboost_info/time_left.tsv,
13839a966055efc7b0a04f44a71deb9348eda358,2025-11-17,maryamihsan,many changes,M,logs/experiments_log_Maham.csv,
13839a966055efc7b0a04f44a71deb9348eda358,2025-11-17,maryamihsan,many changes,M,logs/experiments_log_Maryam.csv,
13839a966055efc7b0a04f44a71deb9348eda358,2025-11-17,maryamihsan,many changes,A,submissions/ensemble_Maryam_Ensemble_XGB_AdaBoost.csv,
13839a966055efc7b0a04f44a71deb9348eda358,2025-11-17,maryamihsan,many changes,A,submissions/ensemble_maham_Ensemble_XGB_AdaBoost.csv,
13839a966055efc7b0a04f44a71deb9348eda358,2025-11-17,maryamihsan,many changes,A,submissions/ensemble_maham_Ensemble_XGB_CatBoost_LogReg_PCA64.csv,
13839a966055efc7b0a04f44a71deb9348eda358,2025-11-17,maryamihsan,many changes,A,submissions/ensemble_maham_Ensemble_XGB_LogReg_PCA64.csv,
13839a966055efc7b0a04f44a71deb9348eda358,2025-11-17,maryamihsan,many changes,A,submissions/ensemble_maham_Improved_Ensemble_XGB_AdaBoost.csv,
fbc552862b95680531e5004dd3ec30d463918a72,2025-11-17,Zuha Aqib,"depth 7, 0.7436",M,12-ensemble.ipynb,
fbc552862b95680531e5004dd3ec30d463918a72,2025-11-17,Zuha Aqib,"depth 7, 0.7436",M,logs/experiments_log_Zuha.csv,
fbc552862b95680531e5004dd3ec30d463918a72,2025-11-17,Zuha Aqib,"depth 7, 0.7436",M,submissions/ensemble_Zuha_Ensemble_XGB_AdaBoost.csv,
437977e58ed2573682aa1ae6c72bbdd0ea54892a,2025-11-17,Zuha Aqib,"dec depth, 0.7392",M,12-ensemble.ipynb,
437977e58ed2573682aa1ae6c72bbdd0ea54892a,2025-11-17,Zuha Aqib,"dec depth, 0.7392",M,logs/experiments_log_Zuha.csv,
437977e58ed2573682aa1ae6c72bbdd0ea54892a,2025-11-17,Zuha Aqib,"dec depth, 0.7392",M,submissions/ensemble_Zuha_Ensemble_XGB_AdaBoost.csv,
4db452166fd48458fe1a61cd4ff03e33c886f44f,2025-11-17,Zuha Aqib,"1200 estimators, 0.7517",M,12-ensemble.ipynb,
4db452166fd48458fe1a61cd4ff03e33c886f44f,2025-11-17,Zuha Aqib,"1200 estimators, 0.7517",M,logs/experiments_log_Zuha.csv,
4db452166fd48458fe1a61cd4ff03e33c886f44f,2025-11-17,Zuha Aqib,"1200 estimators, 0.7517",M,submissions/ensemble_Zuha_Ensemble_XGB_AdaBoost.csv,
55207244e181cefd1f0fb59cb64247302a63498d,2025-11-17,Zuha Aqib,"dec estimators, 0.7486",M,12-ensemble.ipynb,
55207244e181cefd1f0fb59cb64247302a63498d,2025-11-17,Zuha Aqib,"dec estimators, 0.7486",M,logs/experiments_log_Zuha.csv,
55207244e181cefd1f0fb59cb64247302a63498d,2025-11-17,Zuha Aqib,"dec estimators, 0.7486",M,submissions/ensemble_Zuha_Ensemble_XGB_AdaBoost.csv,
b41e693c5c70551cbb273c3fa5c65309949168a7,2025-11-17,Zuha Aqib,"dec estimators, dec folds, 0.7517",M,12-ensemble.ipynb,
b41e693c5c70551cbb273c3fa5c65309949168a7,2025-11-17,Zuha Aqib,"dec estimators, dec folds, 0.7517",M,logs/experiments_log_Zuha.csv,
b41e693c5c70551cbb273c3fa5c65309949168a7,2025-11-17,Zuha Aqib,"dec estimators, dec folds, 0.7517",M,submissions/ensemble_Zuha_Ensemble_XGB_AdaBoost.csv,
1bc326af51d9fbd226af8f04bf74e5487d6c3121,2025-11-17,Zuha Aqib,"more folds lesser estimators, 0.7477",M,12-ensemble.ipynb,
1bc326af51d9fbd226af8f04bf74e5487d6c3121,2025-11-17,Zuha Aqib,"more folds lesser estimators, 0.7477",M,logs/experiments_log_Zuha.csv,
1bc326af51d9fbd226af8f04bf74e5487d6c3121,2025-11-17,Zuha Aqib,"more folds lesser estimators, 0.7477",M,submissions/ensemble_Zuha_Ensemble_XGB_AdaBoost.csv,
63f06b4fb0b3c21c739b103f22ea721b1a40a579,2025-11-17,Zuha Aqib,lesser folds 0.7436,M,12-ensemble.ipynb,
63f06b4fb0b3c21c739b103f22ea721b1a40a579,2025-11-17,Zuha Aqib,lesser folds 0.7436,M,logs/experiments_log_Zuha.csv,
63f06b4fb0b3c21c739b103f22ea721b1a40a579,2025-11-17,Zuha Aqib,lesser folds 0.7436,M,submissions/ensemble_Zuha_Ensemble_XGB_AdaBoost.csv,
392af265ab8e03b654d152414d76edf704135653,2025-11-17,Zuha Aqib,0.6523,M,02-xgboost.ipynb,
392af265ab8e03b654d152414d76edf704135653,2025-11-17,Zuha Aqib,0.6523,M,logs/experiments_log_Zuha.csv,
392af265ab8e03b654d152414d76edf704135653,2025-11-17,Zuha Aqib,0.6523,M,logs/xgboost_Zuha.csv,
392af265ab8e03b654d152414d76edf704135653,2025-11-17,Zuha Aqib,0.6523,M,submissions/xgboost_Zuha.csv,
9c885af132ed071270e22667a8fba5006ef04d13,2025-11-17,Zuha Aqib,0.7311,M,12-ensemble.ipynb,
9c885af132ed071270e22667a8fba5006ef04d13,2025-11-17,Zuha Aqib,0.7311,M,submissions/ensemble_Zuha_Ensemble_XGB_AdaBoost.csv,
94a11d590de921be5798de4938adadd970581bee,2025-11-17,Zuha Aqib,0.6134,M,12-ensemble.ipynb,
94a11d590de921be5798de4938adadd970581bee,2025-11-17,Zuha Aqib,0.6134,M,logs/experiments_log_Zuha.csv,
94a11d590de921be5798de4938adadd970581bee,2025-11-17,Zuha Aqib,0.6134,M,submissions/ensemble_Zuha_Ensemble_XGB_AdaBoost.csv,
acf0fd9716301811cbe5de56e3a711635e40f22f,2025-11-17,Zuha Aqib,nothing improved all bad,M,02-xgboost-grid.ipynb,
acf0fd9716301811cbe5de56e3a711635e40f22f,2025-11-17,Zuha Aqib,nothing improved all bad,M,logs/XGB/experiments_log_zuha.csv,
acf0fd9716301811cbe5de56e3a711635e40f22f,2025-11-17,Zuha Aqib,nothing improved all bad,M,logs/XGB/xgb_zuha.csv,
018530470db7b14994e3fa81337fe259fe337c22,2025-11-17,Zuha Aqib,0.7360,M,12-ensemble.ipynb,
018530470db7b14994e3fa81337fe259fe337c22,2025-11-17,Zuha Aqib,0.7360,A,submissions/ensemble_Zuha_Ensemble_XGB_AdaBoost.csv,
9f20a222c7beecd52e138a2c6c2c733d7c3bcf1d,2025-11-17,Zuha Aqib,0.6777,M,02-xgboost.ipynb,
9f20a222c7beecd52e138a2c6c2c733d7c3bcf1d,2025-11-17,Zuha Aqib,0.6777,M,logs/experiments_log_Zuha.csv,
9f20a222c7beecd52e138a2c6c2c733d7c3bcf1d,2025-11-17,Zuha Aqib,0.6777,M,logs/xgboost_Zuha.csv,
9f20a222c7beecd52e138a2c6c2c733d7c3bcf1d,2025-11-17,Zuha Aqib,0.6777,M,submissions/xgboost_Zuha.csv,
7fa184b8c86bbabb8a0382822f90ae409faa0e61,2025-11-17,Zuha Aqib,0.6604,M,02-xgboost-grid.ipynb,
7fa184b8c86bbabb8a0382822f90ae409faa0e61,2025-11-17,Zuha Aqib,0.6604,A,logs/XGB/experiments_log_zuha.csv,
7fa184b8c86bbabb8a0382822f90ae409faa0e61,2025-11-17,Zuha Aqib,0.6604,A,logs/XGB/xgb_zuha.csv,
7fa184b8c86bbabb8a0382822f90ae409faa0e61,2025-11-17,Zuha Aqib,0.6604,A,submissions/XGB/xgb_39A.csv,
d022793d97083b223175c5e600c855a34fb47ab7,2025-11-17,Zuha Aqib,0.6806,M,02-xgboost.ipynb,
d022793d97083b223175c5e600c855a34fb47ab7,2025-11-17,Zuha Aqib,0.6806,M,logs/experiments_log_Zuha.csv,
d022793d97083b223175c5e600c855a34fb47ab7,2025-11-17,Zuha Aqib,0.6806,M,logs/xgboost_Zuha.csv,
d022793d97083b223175c5e600c855a34fb47ab7,2025-11-17,Zuha Aqib,0.6806,M,submissions/xgboost_Zuha.csv,
4e716e94b15ed2a29dee74a074d156e716d567a0,2025-11-17,Zuha Aqib,"tried writing autoML code, isnt working on my laptop",A,automl-pycaret.py,
6bf6c23d85d3f44a8c3974a479589744766399e0,2025-11-17,Zuha Aqib,0.6534,M,02-xgboost.ipynb,
6bf6c23d85d3f44a8c3974a479589744766399e0,2025-11-17,Zuha Aqib,0.6534,M,logs/experiments_log_Zuha.csv,
6bf6c23d85d3f44a8c3974a479589744766399e0,2025-11-17,Zuha Aqib,0.6534,M,logs/xgboost_Zuha.csv,
6bf6c23d85d3f44a8c3974a479589744766399e0,2025-11-17,Zuha Aqib,0.6534,M,submissions/xgboost_Zuha.csv,
e11814c57ff7a18db5e9cc81edace32de7117c3c,2025-11-17,Zuha Aqib,bad results,M,02-xgboost.ipynb,
e11814c57ff7a18db5e9cc81edace32de7117c3c,2025-11-17,Zuha Aqib,bad results,M,logs/experiments_log_Zuha.csv,
e11814c57ff7a18db5e9cc81edace32de7117c3c,2025-11-17,Zuha Aqib,bad results,M,logs/xgboost_Zuha.csv,
e11814c57ff7a18db5e9cc81edace32de7117c3c,2025-11-17,Zuha Aqib,bad results,M,submissions/xgboost_Zuha.csv,
746e2a934375254e9031bbb276554b691a81e517,2025-11-17,Zuha Aqib,SVM grid search notebook,M,05-linearSVM-grid.ipynb,
49d5313188947869c1141949d8b6968d8011d419,2025-11-17,Zuha Aqib,"grid search submitted, scores on gsheet",A,submissions/SVM_Zuha/svm_1627A.csv,
49d5313188947869c1141949d8b6968d8011d419,2025-11-17,Zuha Aqib,"grid search submitted, scores on gsheet",A,submissions/SVM_Zuha/svm_1813A.csv,
49d5313188947869c1141949d8b6968d8011d419,2025-11-17,Zuha Aqib,"grid search submitted, scores on gsheet",A,submissions/SVM_Zuha/svm_1817A.csv,
49d5313188947869c1141949d8b6968d8011d419,2025-11-17,Zuha Aqib,"grid search submitted, scores on gsheet",A,submissions/SVM_Zuha/svm_1913A.csv,
49d5313188947869c1141949d8b6968d8011d419,2025-11-17,Zuha Aqib,"grid search submitted, scores on gsheet",A,submissions/SVM_Zuha/svm_2109A.csv,
49d5313188947869c1141949d8b6968d8011d419,2025-11-17,Zuha Aqib,"grid search submitted, scores on gsheet",A,submissions/SVM_Zuha/svm_2149A.csv,
49d5313188947869c1141949d8b6968d8011d419,2025-11-17,Zuha Aqib,"grid search submitted, scores on gsheet",A,submissions/SVM_Zuha/svm_2293A.csv,
49d5313188947869c1141949d8b6968d8011d419,2025-11-17,Zuha Aqib,"grid search submitted, scores on gsheet",A,submissions/SVM_Zuha/svm_233A.csv,
49d5313188947869c1141949d8b6968d8011d419,2025-11-17,Zuha Aqib,"grid search submitted, scores on gsheet",A,submissions/SVM_Zuha/svm_2347A.csv,
49d5313188947869c1141949d8b6968d8011d419,2025-11-17,Zuha Aqib,"grid search submitted, scores on gsheet",A,submissions/SVM_Zuha/svm_237A.csv,
49d5313188947869c1141949d8b6968d8011d419,2025-11-17,Zuha Aqib,"grid search submitted, scores on gsheet",A,submissions/SVM_Zuha/svm_2971A.csv,
49d5313188947869c1141949d8b6968d8011d419,2025-11-17,Zuha Aqib,"grid search submitted, scores on gsheet",A,submissions/SVM_Zuha/svm_3015A.csv,
49d5313188947869c1141949d8b6968d8011d419,2025-11-17,Zuha Aqib,"grid search submitted, scores on gsheet",A,submissions/SVM_Zuha/svm_3019A.csv,
49d5313188947869c1141949d8b6968d8011d419,2025-11-17,Zuha Aqib,"grid search submitted, scores on gsheet",A,submissions/SVM_Zuha/svm_3119A.csv,
49d5313188947869c1141949d8b6968d8011d419,2025-11-17,Zuha Aqib,"grid search submitted, scores on gsheet",A,submissions/SVM_Zuha/svm_328A.csv,
49d5313188947869c1141949d8b6968d8011d419,2025-11-17,Zuha Aqib,"grid search submitted, scores on gsheet",A,submissions/SVM_Zuha/svm_3303A.csv,
49d5313188947869c1141949d8b6968d8011d419,2025-11-17,Zuha Aqib,"grid search submitted, scores on gsheet",A,submissions/SVM_Zuha/svm_3359A.csv,
49d5313188947869c1141949d8b6968d8011d419,2025-11-17,Zuha Aqib,"grid search submitted, scores on gsheet",A,submissions/SVM_Zuha/svm_3543A.csv,
49d5313188947869c1141949d8b6968d8011d419,2025-11-17,Zuha Aqib,"grid search submitted, scores on gsheet",A,submissions/SVM_Zuha/svm_3640A.csv,
49d5313188947869c1141949d8b6968d8011d419,2025-11-17,Zuha Aqib,"grid search submitted, scores on gsheet",A,submissions/SVM_Zuha/svm_423A.csv,
49d5313188947869c1141949d8b6968d8011d419,2025-11-17,Zuha Aqib,"grid search submitted, scores on gsheet",A,submissions/SVM_Zuha/svm_425A.csv,
49d5313188947869c1141949d8b6968d8011d419,2025-11-17,Zuha Aqib,"grid search submitted, scores on gsheet",A,submissions/SVM_Zuha/svm_4357A.csv,
49d5313188947869c1141949d8b6968d8011d419,2025-11-17,Zuha Aqib,"grid search submitted, scores on gsheet",A,submissions/SVM_Zuha/svm_4467A.csv,
49d5313188947869c1141949d8b6968d8011d419,2025-11-17,Zuha Aqib,"grid search submitted, scores on gsheet",A,submissions/SVM_Zuha/svm_4483A.csv,
49d5313188947869c1141949d8b6968d8011d419,2025-11-17,Zuha Aqib,"grid search submitted, scores on gsheet",A,submissions/SVM_Zuha/svm_4499A.csv,
49d5313188947869c1141949d8b6968d8011d419,2025-11-17,Zuha Aqib,"grid search submitted, scores on gsheet",A,submissions/SVM_Zuha/svm_4509A.csv,
49d5313188947869c1141949d8b6968d8011d419,2025-11-17,Zuha Aqib,"grid search submitted, scores on gsheet",A,submissions/SVM_Zuha/svm_4563A.csv,
49d5313188947869c1141949d8b6968d8011d419,2025-11-17,Zuha Aqib,"grid search submitted, scores on gsheet",A,submissions/SVM_Zuha/svm_4749A.csv,
49d5313188947869c1141949d8b6968d8011d419,2025-11-17,Zuha Aqib,"grid search submitted, scores on gsheet",A,submissions/SVM_Zuha/svm_481A.csv,
49d5313188947869c1141949d8b6968d8011d419,2025-11-17,Zuha Aqib,"grid search submitted, scores on gsheet",A,submissions/SVM_Zuha/svm_5229A.csv,
49d5313188947869c1141949d8b6968d8011d419,2025-11-17,Zuha Aqib,"grid search submitted, scores on gsheet",A,submissions/SVM_Zuha/svm_5283A.csv,
49d5313188947869c1141949d8b6968d8011d419,2025-11-17,Zuha Aqib,"grid search submitted, scores on gsheet",A,submissions/SVM_Zuha/svm_905A.csv,
49d5313188947869c1141949d8b6968d8011d419,2025-11-17,Zuha Aqib,"grid search submitted, scores on gsheet",A,submissions/SVM_Zuha/svm_957A.csv,
49d5313188947869c1141949d8b6968d8011d419,2025-11-17,Zuha Aqib,"grid search submitted, scores on gsheet",A,submissions/SVM_Zuha/svm_961A.csv,
0dfd7d82d3b699e4fab3ae00e5cce171f4c49d18,2025-11-17,Zuha Aqib,SVM grid search,A,logs/SVM_Zuha/svm_Zuha.csv,
0dfd7d82d3b699e4fab3ae00e5cce171f4c49d18,2025-11-17,Zuha Aqib,SVM grid search,A,logs/SVM_Zuha/svm_log_Zuha.csv,
0dfd7d82d3b699e4fab3ae00e5cce171f4c49d18,2025-11-17,Zuha Aqib,SVM grid search,A,submissions/SVM_Zuha/svm_477A.csv,
0dfd7d82d3b699e4fab3ae00e5cce171f4c49d18,2025-11-17,Zuha Aqib,SVM grid search,A,submissions/SVM_Zuha/svm_493A.csv,
d9b73b23da0b50db2bae6d3a1e351d5465293c0e,2025-11-17,Zuha Aqib,grid search code prep,A,02-xgboost-grid.ipynb,
81bdbf67d8279e6f6ac228940d9800567b583b23,2025-11-17,Maham Junaid,xgb,M,12-ensemble.ipynb,
c418abf679d531f120a046ef1ddc78334e457dbe,2025-11-17,Zuha Aqib,made a grid runner for linear SVM,A,05-linearSVM-grid.ipynb,
54c48cc68903b8a57f35175a6dc9fa3e13fc95c5,2025-11-17,Zuha Aqib,"fixed file, didnt run",M,08-ERT.ipynb,
d0d55ca4700ce697c474e30fe400c2dc64416376,2025-11-16,Maham Junaid,Merge branch 'main' of https://github.com/z-aqib/ml-competition,,,
28dbf653cc2d9af938756008cb72275ce76ae469,2025-11-16,Maham Junaid,xgb,M,12-ensemble.ipynb,
28dbf653cc2d9af938756008cb72275ce76ae469,2025-11-16,Maham Junaid,xgb,A,14-stacking maham.ipynb,
28dbf653cc2d9af938756008cb72275ce76ae469,2025-11-16,Maham Junaid,xgb,M,catboost_info/catboost_training.json,
28dbf653cc2d9af938756008cb72275ce76ae469,2025-11-16,Maham Junaid,xgb,M,catboost_info/learn/events.out.tfevents,
28dbf653cc2d9af938756008cb72275ce76ae469,2025-11-16,Maham Junaid,xgb,M,catboost_info/learn_error.tsv,
28dbf653cc2d9af938756008cb72275ce76ae469,2025-11-16,Maham Junaid,xgb,M,catboost_info/time_left.tsv,
28dbf653cc2d9af938756008cb72275ce76ae469,2025-11-16,Maham Junaid,xgb,A,catboost_info/tmp/cat_feature_index.1e9fd2d4-20efecc5-c49438a6-112728bb.tmp,
28dbf653cc2d9af938756008cb72275ce76ae469,2025-11-16,Maham Junaid,xgb,A,catboost_info/tmp/cat_feature_index.474e6538-3448ad22-8cbdc875-c74f34fd.tmp,
28dbf653cc2d9af938756008cb72275ce76ae469,2025-11-16,Maham Junaid,xgb,A,catboost_info/tmp/cat_feature_index.7a43b733-4d5df26d-108729f5-21899526.tmp,
28dbf653cc2d9af938756008cb72275ce76ae469,2025-11-16,Maham Junaid,xgb,A,catboost_info/tmp/cat_feature_index.8a82a0f2-ca18b542-8e915b14-7f987054.tmp,
28dbf653cc2d9af938756008cb72275ce76ae469,2025-11-16,Maham Junaid,xgb,A,catboost_info/tmp/cat_feature_index.b55d830b-e8771723-361856fe-351d97de.tmp,
28dbf653cc2d9af938756008cb72275ce76ae469,2025-11-16,Maham Junaid,xgb,A,catboost_info/tmp/cat_feature_index.c5c731be-857899cf-29712b6b-e7722e0b.tmp,
28dbf653cc2d9af938756008cb72275ce76ae469,2025-11-16,Maham Junaid,xgb,A,catboost_info/tmp/cat_feature_index.e9d13b22-b4f3b172-1bfa3188-cf52735a.tmp,
28dbf653cc2d9af938756008cb72275ce76ae469,2025-11-16,Maham Junaid,xgb,A,catboost_info/tmp/cat_feature_index.fce4273d-c3a8c75-92233cd1-18be8f3c.tmp,
28dbf653cc2d9af938756008cb72275ce76ae469,2025-11-16,Maham Junaid,xgb,M,logs/experiments_log_Maham.csv,
28dbf653cc2d9af938756008cb72275ce76ae469,2025-11-16,Maham Junaid,xgb,A,submissions/ensemble_maham_ensemble_LR_cat_xgb_softvote.csv,
012eb90304dd4ce08c2b6f7eb5dc91d15fa18662,2025-11-16,Zuha Aqib,updated gitignore,M,.gitignore,
e774a1d8b6c5c5b946492544ff7d1cc2f83b8551,2025-11-16,Zuha Aqib,"experiment 36A, 0.5417",M,02-xgboost.ipynb,
e774a1d8b6c5c5b946492544ff7d1cc2f83b8551,2025-11-16,Zuha Aqib,"experiment 36A, 0.5417",M,logs/experiments_log_Zuha.csv,
e774a1d8b6c5c5b946492544ff7d1cc2f83b8551,2025-11-16,Zuha Aqib,"experiment 36A, 0.5417",A,logs/xgboost_Zuha.csv,
e774a1d8b6c5c5b946492544ff7d1cc2f83b8551,2025-11-16,Zuha Aqib,"experiment 36A, 0.5417",A,submissions/xgboost_Zuha.csv,
e9f14b7732940cc52e033b1490b9608f27caf329,2025-11-16,Zuha Aqib,improved weighted to use bad scores too,M,make_weighted_submission.py,
548b129b261040503042c80eeb973c9493de0123,2025-11-16,Zuha Aqib,made a csv maker using majority value,A,make_majority_submission.py,
cea1461cfb954a2e11d413cb6592e29dc1b2b42d,2025-11-16,Maham Junaid,Merge branch 'main' of https://github.com/z-aqib/ml-competition,,,
69d2d56563e3d137af549c89de825e4487652a09,2025-11-16,Maham Junaid,stacking,M,12-ensemble.ipynb,
69d2d56563e3d137af549c89de825e4487652a09,2025-11-16,Maham Junaid,stacking,M,catboost_info/catboost_training.json,
69d2d56563e3d137af549c89de825e4487652a09,2025-11-16,Maham Junaid,stacking,M,catboost_info/learn/events.out.tfevents,
69d2d56563e3d137af549c89de825e4487652a09,2025-11-16,Maham Junaid,stacking,M,catboost_info/learn_error.tsv,
69d2d56563e3d137af549c89de825e4487652a09,2025-11-16,Maham Junaid,stacking,M,catboost_info/time_left.tsv,
69d2d56563e3d137af549c89de825e4487652a09,2025-11-16,Maham Junaid,stacking,M,logs/experiments_log_Maham.csv,
69d2d56563e3d137af549c89de825e4487652a09,2025-11-16,Maham Junaid,stacking,A,submissions/ensemble_maham_ensemble_LR_cat_Linearsvm.csv,
69d2d56563e3d137af549c89de825e4487652a09,2025-11-16,Maham Junaid,stacking,A,submissions/ensemble_maham_ensemble_LR_cat_Linearsvm_softvote.csv,
c0c9f34055f23787a5d2cc5a7681b8877297a49d,2025-11-16,maryamihsan,Merge branch 'main' of https://github.com/z-aqib/ml-competition,,,
9f4e6f565b1b65244e3a3f3ab6238658a319b1ef,2025-11-16,maryamihsan,"experiment 20B, 0.7208",A,13-stacking.ipynb,
9f4e6f565b1b65244e3a3f3ab6238658a319b1ef,2025-11-16,maryamihsan,"experiment 20B, 0.7208",M,catboost_info/catboost_training.json,
9f4e6f565b1b65244e3a3f3ab6238658a319b1ef,2025-11-16,maryamihsan,"experiment 20B, 0.7208",M,catboost_info/learn/events.out.tfevents,
9f4e6f565b1b65244e3a3f3ab6238658a319b1ef,2025-11-16,maryamihsan,"experiment 20B, 0.7208",M,catboost_info/learn_error.tsv,
9f4e6f565b1b65244e3a3f3ab6238658a319b1ef,2025-11-16,maryamihsan,"experiment 20B, 0.7208",M,catboost_info/time_left.tsv,
9f4e6f565b1b65244e3a3f3ab6238658a319b1ef,2025-11-16,maryamihsan,"experiment 20B, 0.7208",M,logs/experiments_log_Maryam.csv,
9f4e6f565b1b65244e3a3f3ab6238658a319b1ef,2025-11-16,maryamihsan,"experiment 20B, 0.7208",A,submissions/stacking_Maryam_stacking_LR_Cat_LGB.csv,
9e578b0e6f3539a1f7ec07c8e16a6a90839bdae9,2025-11-16,Zuha Aqib,Merge branch 'main' of https://github.com/z-aqib/ml-competition,,,
705f5043dc28787a7b18a38f6e36c41739436dfc,2025-11-16,Zuha Aqib,"experiment 35A, 0.7360",M,05-linearSVM.ipynb,
705f5043dc28787a7b18a38f6e36c41739436dfc,2025-11-16,Zuha Aqib,"experiment 35A, 0.7360",M,logs/experiments_log_Zuha.csv,
705f5043dc28787a7b18a38f6e36c41739436dfc,2025-11-16,Zuha Aqib,"experiment 35A, 0.7360",M,logs/svm_Zuha.csv,
705f5043dc28787a7b18a38f6e36c41739436dfc,2025-11-16,Zuha Aqib,"experiment 35A, 0.7360",M,submissions/svm_Zuha.csv,
d56d0f13feacd3e5fd02616c96e60c5ccd90dd74,2025-11-16,maryamihsan,Merge branch 'main' of https://github.com/z-aqib/ml-competition,,,
7fb0523287c4ac158e25269afc13733fc90979b8,2025-11-16,maryamihsan,experiment 19B,M,06-RBF_SVM.ipynb,
7fb0523287c4ac158e25269afc13733fc90979b8,2025-11-16,maryamihsan,experiment 19B,M,logs/experiments_log_Maryam.csv,
7fb0523287c4ac158e25269afc13733fc90979b8,2025-11-16,maryamihsan,experiment 19B,M,logs/rbf_svm_Maryam.csv,
b6f2fc5ceab12a3ac8570c4d05be7faa48f43528,2025-11-16,Zuha Aqib,"experiment 34A, 0.3820",M,07-randomforest.ipynb,
b6f2fc5ceab12a3ac8570c4d05be7faa48f43528,2025-11-16,Zuha Aqib,"experiment 34A, 0.3820",M,logs/experiments_log_Zuha.csv,
b6f2fc5ceab12a3ac8570c4d05be7faa48f43528,2025-11-16,Zuha Aqib,"experiment 34A, 0.3820",A,logs/rf_Zuha.csv,
b32080e633ac49366c55e2551b879d475d6c3fe1,2025-11-16,Maham Junaid,ensemble,M,12-ensemble.ipynb,
b32080e633ac49366c55e2551b879d475d6c3fe1,2025-11-16,Maham Junaid,ensemble,M,catboost_info/catboost_training.json,
b32080e633ac49366c55e2551b879d475d6c3fe1,2025-11-16,Maham Junaid,ensemble,M,catboost_info/learn/events.out.tfevents,
b32080e633ac49366c55e2551b879d475d6c3fe1,2025-11-16,Maham Junaid,ensemble,M,catboost_info/learn_error.tsv,
b32080e633ac49366c55e2551b879d475d6c3fe1,2025-11-16,Maham Junaid,ensemble,M,catboost_info/time_left.tsv,
b32080e633ac49366c55e2551b879d475d6c3fe1,2025-11-16,Maham Junaid,ensemble,M,logs/experiments_log_Maham.csv,
b32080e633ac49366c55e2551b879d475d6c3fe1,2025-11-16,Maham Junaid,ensemble,A,submissions/ensemble_maham_ensemble_LR.csv,
b32080e633ac49366c55e2551b879d475d6c3fe1,2025-11-16,Maham Junaid,ensemble,A,submissions/ensemble_maham_ensemble_LR_cat.csv,
b32080e633ac49366c55e2551b879d475d6c3fe1,2025-11-16,Maham Junaid,ensemble,A,submissions/ensemble_maham_ensemble_LR_cat_lgbm.csv,
b32080e633ac49366c55e2551b879d475d6c3fe1,2025-11-16,Maham Junaid,ensemble,M,submissions/ensemble_maham_ensemble_cat.csv,
e33b15fabe3f30ae5a0a407449dfb5c1b914dbf7,2025-11-16,Zuha Aqib,"experiment 33A, 0.3820",M,07-randomforest.ipynb,
e33b15fabe3f30ae5a0a407449dfb5c1b914dbf7,2025-11-16,Zuha Aqib,"experiment 33A, 0.3820",M,logs/experiments_log_Zuha.csv,
e33b15fabe3f30ae5a0a407449dfb5c1b914dbf7,2025-11-16,Zuha Aqib,"experiment 33A, 0.3820",A,logs/random_forest_Zuha.csv,
e33b15fabe3f30ae5a0a407449dfb5c1b914dbf7,2025-11-16,Zuha Aqib,"experiment 33A, 0.3820",A,submissions/rf_Zuha.csv,
0b4b6f88508c5d6613a9d0a655458516bf1fc0b9,2025-11-16,Zuha Aqib,made it take top 0.7 submissions,M,make_weighted_submission.py,
9a53dec5409a6570c507a50a9345b940caa62ddc,2025-11-16,Maham Junaid,Merge branch 'main' of https://github.com/z-aqib/ml-competition,,,
1e24c8fea5e531930b6d42233127417e2d18e9b9,2025-11-16,Maham Junaid,ensemble,M,12-ensemble.ipynb,
1e24c8fea5e531930b6d42233127417e2d18e9b9,2025-11-16,Maham Junaid,ensemble,M,catboost_info/catboost_training.json,
1e24c8fea5e531930b6d42233127417e2d18e9b9,2025-11-16,Maham Junaid,ensemble,M,catboost_info/learn/events.out.tfevents,
1e24c8fea5e531930b6d42233127417e2d18e9b9,2025-11-16,Maham Junaid,ensemble,M,catboost_info/learn_error.tsv,
1e24c8fea5e531930b6d42233127417e2d18e9b9,2025-11-16,Maham Junaid,ensemble,M,catboost_info/time_left.tsv,
1e24c8fea5e531930b6d42233127417e2d18e9b9,2025-11-16,Maham Junaid,ensemble,M,logs/experiments_log_Maham.csv,
1e24c8fea5e531930b6d42233127417e2d18e9b9,2025-11-16,Maham Junaid,ensemble,A,submissions/ensemble_maham_ensemble_cat.csv,
11370bdd8c03e9136981d60a99b639848c512462,2025-11-16,Zuha Aqib,"experiment 32A, 0.7448",M,make_weighted_submission.py,
11370bdd8c03e9136981d60a99b639848c512462,2025-11-16,Zuha Aqib,"experiment 32A, 0.7448",M,submissions/random_Zuha.csv,
200c42bdb65e7f6bd648e1d743d79c0d3f2c85f7,2025-11-16,Zuha Aqib,"experiment 31A, 0.7126",M,submissions/random_Zuha.csv,
b77732d8a9089a05548b1353802674c47fde42c0,2025-11-16,Zuha Aqib,made it append for new submissions,M,extract_submissions.py,
1699ad99eeb7290b5cd6b7bdb563a10569284571,2025-11-16,Zuha Aqib,Merge branch 'main' of https://github.com/z-aqib/ml-competition,,,
02c44d0cdcb8711c5275ca0688c7309d8e531fa7,2025-11-16,Zuha Aqib,"expriment 30A, 0.7448",M,make_weighted_submission.py,
02c44d0cdcb8711c5275ca0688c7309d8e531fa7,2025-11-16,Zuha Aqib,"expriment 30A, 0.7448",M,submissions/random_Zuha.csv,
2daaf4e404ac27c0b41ba4ed76bdacead6f445c3,2025-11-16,maryamihsan,"not pushed cat code, 0.5294",M,09-catboost.ipynb,
2daaf4e404ac27c0b41ba4ed76bdacead6f445c3,2025-11-16,maryamihsan,"not pushed cat code, 0.5294",A,catboost_info/catboost_training.json,
2daaf4e404ac27c0b41ba4ed76bdacead6f445c3,2025-11-16,maryamihsan,"not pushed cat code, 0.5294",A,catboost_info/learn/events.out.tfevents,
2daaf4e404ac27c0b41ba4ed76bdacead6f445c3,2025-11-16,maryamihsan,"not pushed cat code, 0.5294",A,catboost_info/learn_error.tsv,
2daaf4e404ac27c0b41ba4ed76bdacead6f445c3,2025-11-16,maryamihsan,"not pushed cat code, 0.5294",A,catboost_info/time_left.tsv,
2daaf4e404ac27c0b41ba4ed76bdacead6f445c3,2025-11-16,maryamihsan,"not pushed cat code, 0.5294",A,submissions/catboost_Maryam_catboost_v1.csv,
157ed70662a6aa7ee5e235692e4a3240d21787b5,2025-11-16,maryamihsan,"experiment 18B, 0.6257",M,06-RBF_SVM.ipynb,
157ed70662a6aa7ee5e235692e4a3240d21787b5,2025-11-16,maryamihsan,"experiment 18B, 0.6257",M,logs/experiments_log_Maryam.csv,
157ed70662a6aa7ee5e235692e4a3240d21787b5,2025-11-16,maryamihsan,"experiment 18B, 0.6257",M,logs/rbf_svm_Maryam.csv,
157ed70662a6aa7ee5e235692e4a3240d21787b5,2025-11-16,maryamihsan,"experiment 18B, 0.6257",M,submissions/rbf_svm_Maryam_rbfsvm_pca128_v1.csv,
abd279da5149870f56ff492b321e3fbb1b130d0b,2025-11-16,maryamihsan,"experiment 16B, 0.6226",M,06-RBF_SVM.ipynb,
abd279da5149870f56ff492b321e3fbb1b130d0b,2025-11-16,maryamihsan,"experiment 16B, 0.6226",M,logs/experiments_log_Maryam.csv,
abd279da5149870f56ff492b321e3fbb1b130d0b,2025-11-16,maryamihsan,"experiment 16B, 0.6226",A,logs/rbf_svm_Maryam.csv,
abd279da5149870f56ff492b321e3fbb1b130d0b,2025-11-16,maryamihsan,"experiment 16B, 0.6226",A,submissions/rbf_svm_Maryam_rbfsvm_pca128_v1.csv,
f8bb8b342aedb4e0ec5a64d585b96db4211123f2,2025-11-16,Maham Junaid,Merge branch 'main' of https://github.com/z-aqib/ml-competition,,,
7875bd360984d9a57079d411dc8bc6b931971066,2025-11-16,Maham Junaid,ensemble code,A,12-ensemble.ipynb,
7875bd360984d9a57079d411dc8bc6b931971066,2025-11-16,Maham Junaid,ensemble code,A,catboost_info/catboost_training.json,
7875bd360984d9a57079d411dc8bc6b931971066,2025-11-16,Maham Junaid,ensemble code,A,catboost_info/learn/events.out.tfevents,
7875bd360984d9a57079d411dc8bc6b931971066,2025-11-16,Maham Junaid,ensemble code,A,catboost_info/learn_error.tsv,
7875bd360984d9a57079d411dc8bc6b931971066,2025-11-16,Maham Junaid,ensemble code,A,catboost_info/time_left.tsv,
7875bd360984d9a57079d411dc8bc6b931971066,2025-11-16,Maham Junaid,ensemble code,M,logs/experiments_log_Maham.csv,
7875bd360984d9a57079d411dc8bc6b931971066,2025-11-16,Maham Junaid,ensemble code,A,submissions/ensemble_maham_ensemble_cat_lr.csv,
7875bd360984d9a57079d411dc8bc6b931971066,2025-11-16,Maham Junaid,ensemble code,A,submissions/ensemble_maham_ensemble_cat_soft.csv,
7875bd360984d9a57079d411dc8bc6b931971066,2025-11-16,Maham Junaid,ensemble code,A,submissions/ensemble_maham_ensemble_lgb72.csv,
00ce9582a0ef4f070fef9590cb0887b24283f90b,2025-11-16,Zuha Aqib,experiment 29A: made a submission using our previous submissions. 0.5892. bad as the low F1 are weighing it down,A,make_weighted_submission.py,
00ce9582a0ef4f070fef9590cb0887b24283f90b,2025-11-16,Zuha Aqib,experiment 29A: made a submission using our previous submissions. 0.5892. bad as the low F1 are weighing it down,A,submissions/random_Zuha.csv,
d4da0a090680c4e76f45d9be08f943d67acf4252,2025-11-16,Zuha Aqib,extracted all the current submissions from github,A,.gitignore,
d4da0a090680c4e76f45d9be08f943d67acf4252,2025-11-16,Zuha Aqib,extracted all the current submissions from github,A,extract_submissions.py,
50aba61e5f3b4d2330bea05f05af0c652bf62869,2025-11-16,maryamihsan,"experiment 16B, no change",M,11-ridge.ipynb,
50aba61e5f3b4d2330bea05f05af0c652bf62869,2025-11-16,maryamihsan,"experiment 16B, no change",M,logs/experiments_log_Maryam.csv,
50aba61e5f3b4d2330bea05f05af0c652bf62869,2025-11-16,maryamihsan,"experiment 16B, no change",M,logs/ridge_Maryam.csv,
50aba61e5f3b4d2330bea05f05af0c652bf62869,2025-11-16,maryamihsan,"experiment 16B, no change",M,submissions/ridge_Maryam_ridge_pca256_v1.csv,
5cff20b9f632a334fbc6cc5d9b02b1b4c087c0e7,2025-11-16,Zuha Aqib,"experiment 28A, 0.6649",M,05-linearSVM.ipynb,
5cff20b9f632a334fbc6cc5d9b02b1b4c087c0e7,2025-11-16,Zuha Aqib,"experiment 28A, 0.6649",M,logs/experiments_log_Zuha.csv,
5cff20b9f632a334fbc6cc5d9b02b1b4c087c0e7,2025-11-16,Zuha Aqib,"experiment 28A, 0.6649",M,logs/svm_Zuha.csv,
5cff20b9f632a334fbc6cc5d9b02b1b4c087c0e7,2025-11-16,Zuha Aqib,"experiment 28A, 0.6649",M,submissions/svm_Zuha.csv,
ea4b63b8b0836209a2109123555ef632d3d82c3f,2025-11-16,Zuha Aqib,"experiment 27A, no change in submission",M,05-linearSVM.ipynb,
ea4b63b8b0836209a2109123555ef632d3d82c3f,2025-11-16,Zuha Aqib,"experiment 27A, no change in submission",M,logs/experiments_log_Zuha.csv,
ea4b63b8b0836209a2109123555ef632d3d82c3f,2025-11-16,Zuha Aqib,"experiment 27A, no change in submission",M,logs/svm_Zuha.csv,
7f895979db5c7f57d41d4550befadbf44e3291b3,2025-11-16,Zuha Aqib,"experiment 26A, 0.7360",M,05-linearSVM.ipynb,
7f895979db5c7f57d41d4550befadbf44e3291b3,2025-11-16,Zuha Aqib,"experiment 26A, 0.7360",M,logs/experiments_log_Zuha.csv,
7f895979db5c7f57d41d4550befadbf44e3291b3,2025-11-16,Zuha Aqib,"experiment 26A, 0.7360",M,logs/svm_Zuha.csv,
7f895979db5c7f57d41d4550befadbf44e3291b3,2025-11-16,Zuha Aqib,"experiment 26A, 0.7360",M,submissions/svm_Zuha.csv,
2dfaa6ae3219e84363cea61a2135f47909e21066,2025-11-16,Zuha Aqib,"experiment 25A, 0.5957",M,05-linearSVM.ipynb,
2dfaa6ae3219e84363cea61a2135f47909e21066,2025-11-16,Zuha Aqib,"experiment 25A, 0.5957",M,logs/experiments_log_Zuha.csv,
2dfaa6ae3219e84363cea61a2135f47909e21066,2025-11-16,Zuha Aqib,"experiment 25A, 0.5957",M,logs/svm_Zuha.csv,
2dfaa6ae3219e84363cea61a2135f47909e21066,2025-11-16,Zuha Aqib,"experiment 25A, 0.5957",M,submissions/svm_Zuha.csv,
66a4ba78cb000c6124603055e56fe724d2b44ae1,2025-11-16,Zuha Aqib,Merge branch 'main' of https://github.com/z-aqib/ml-competition,,,
159a5967d3c79f35d3a436697f3d29cf6b73f428,2025-11-16,Zuha Aqib,"experiment 24A, 0.6204",M,05-linearSVM.ipynb,
159a5967d3c79f35d3a436697f3d29cf6b73f428,2025-11-16,Zuha Aqib,"experiment 24A, 0.6204",M,logs/experiments_log_Zuha.csv,
159a5967d3c79f35d3a436697f3d29cf6b73f428,2025-11-16,Zuha Aqib,"experiment 24A, 0.6204",A,logs/svm_Zuha.csv,
159a5967d3c79f35d3a436697f3d29cf6b73f428,2025-11-16,Zuha Aqib,"experiment 24A, 0.6204",A,submissions/svm_Zuha.csv,
f896c3d81b158aaaa0afdc28d6f5c01e81c36682,2025-11-16,maryamihsan,"experiment 15B, 0.5553",M,11-ridge.ipynb,
f896c3d81b158aaaa0afdc28d6f5c01e81c36682,2025-11-16,maryamihsan,"experiment 15B, 0.5553",M,logs/experiments_log_Maryam.csv,
f896c3d81b158aaaa0afdc28d6f5c01e81c36682,2025-11-16,maryamihsan,"experiment 15B, 0.5553",A,logs/ridge_Maryam.csv,
f896c3d81b158aaaa0afdc28d6f5c01e81c36682,2025-11-16,maryamihsan,"experiment 15B, 0.5553",A,submissions/ridge_Maryam_logreg_pca256_v1.csv,
f896c3d81b158aaaa0afdc28d6f5c01e81c36682,2025-11-16,maryamihsan,"experiment 15B, 0.5553",A,submissions/ridge_Maryam_ridge_pca256_v1.csv,
7db895d1758fea48e6a108de447e20899050e760,2025-11-16,maryamihsan,Merge branch 'main' of https://github.com/z-aqib/ml-competition,,,
cac9197b312992ef23bff885fefe593b254b1b1d,2025-11-16,maryamihsan,"experiment 14B,, no change",M,02-xgboost.ipynb,
cac9197b312992ef23bff885fefe593b254b1b1d,2025-11-16,maryamihsan,"experiment 14B,, no change",M,logs/experiments_log_Maryam.csv,
cac9197b312992ef23bff885fefe593b254b1b1d,2025-11-16,maryamihsan,"experiment 14B,, no change",M,logs/xgboost_Maryam.csv,
cac9197b312992ef23bff885fefe593b254b1b1d,2025-11-16,maryamihsan,"experiment 14B,, no change",M,submissions/xgboost_Maryam.csv,
a22fc4fd07e288af0ac39fa77a1a6d676e6d2521,2025-11-16,Zuha Aqib,Merge branch 'main' of https://github.com/z-aqib/ml-competition,,,
d6e397b15a5443da96ce523ee0271b0ff27380ee,2025-11-16,Zuha Aqib,fixed submission file saving,M,01-lightgbm.ipynb,
a2a3d125344c56485b6bd869611b5079fed4acad,2025-11-16,maryamihsan,Merge branch 'main' of https://github.com/z-aqib/ml-competition,,,
83a258ab9b595d07c4cc7949f376bd0657977b85,2025-11-16,Zuha Aqib,removed unnecessary submission files,D,submissions/experiment_1A_lgbm_baseline_v1.csv,
83a258ab9b595d07c4cc7949f376bd0657977b85,2025-11-16,Zuha Aqib,removed unnecessary submission files,D,submissions/experiment_2A.csv,
83a258ab9b595d07c4cc7949f376bd0657977b85,2025-11-16,Zuha Aqib,removed unnecessary submission files,D,submissions/logreg.csv,
83a258ab9b595d07c4cc7949f376bd0657977b85,2025-11-16,Zuha Aqib,removed unnecessary submission files,D,submissions/submission.csv,
2cbd6a2c0f2688e8c1ff5cb9e2a83eef8dc1fac0,2025-11-16,maryamihsan,"experiment 13B, no change",M,02-xgboost.ipynb,
2cbd6a2c0f2688e8c1ff5cb9e2a83eef8dc1fac0,2025-11-16,maryamihsan,"experiment 13B, no change",M,logs/experiments_log_Maryam.csv,
2cbd6a2c0f2688e8c1ff5cb9e2a83eef8dc1fac0,2025-11-16,maryamihsan,"experiment 13B, no change",M,logs/xgboost_Maryam.csv,
2cbd6a2c0f2688e8c1ff5cb9e2a83eef8dc1fac0,2025-11-16,maryamihsan,"experiment 13B, no change",M,submissions/xgboost_Maryam.csv,
f9fe8936c3c44b9ec1ab081c8147a826e08ad5a5,2025-11-16,Maham Junaid,Merge branch 'main' of https://github.com/z-aqib/ml-competition,,,
c2a7071b5eb6d4d01b4e80b8a96b96dc1f78e85c,2025-11-16,Maham Junaid,exp3c,A,03-mlp-new.ipynb,
c2a7071b5eb6d4d01b4e80b8a96b96dc1f78e85c,2025-11-16,Maham Junaid,exp3c,M,03-mlp.ipynb,
c2a7071b5eb6d4d01b4e80b8a96b96dc1f78e85c,2025-11-16,Maham Junaid,exp3c,M,logs/experiments_log_Maham.csv,
c2a7071b5eb6d4d01b4e80b8a96b96dc1f78e85c,2025-11-16,Maham Junaid,exp3c,M,logs/mlp_Maham.csv,
c2a7071b5eb6d4d01b4e80b8a96b96dc1f78e85c,2025-11-16,Maham Junaid,exp3c,A,submissions/mlp_Maham.csv,
c2a7071b5eb6d4d01b4e80b8a96b96dc1f78e85c,2025-11-16,Maham Junaid,exp3c,A,submissions/mlp_Maham_two_tower.csv,
c2a7071b5eb6d4d01b4e80b8a96b96dc1f78e85c,2025-11-16,Maham Junaid,exp3c,M,submissions/submission.csv,
a144de1238c59677c8c75cd5f738146ba26e0c4b,2025-11-16,maryamihsan,Merge branch 'main' of https://github.com/z-aqib/ml-competition,,,
0c9886566dc00bb429c9f9bc0d6270f55ede3aed,2025-11-16,maryamihsan,"experiment 12B,  0.5628",M,02-xgboost.ipynb,
0c9886566dc00bb429c9f9bc0d6270f55ede3aed,2025-11-16,maryamihsan,"experiment 12B,  0.5628",M,logs/experiments_log_Maryam.csv,
0c9886566dc00bb429c9f9bc0d6270f55ede3aed,2025-11-16,maryamihsan,"experiment 12B,  0.5628",M,logs/xgboost_Maryam.csv,
0c9886566dc00bb429c9f9bc0d6270f55ede3aed,2025-11-16,maryamihsan,"experiment 12B,  0.5628",M,submissions/xgboost_Maryam.csv,
a5216c791d9433a44424ec1f9879b4e5f3bc5098,2025-11-16,Zuha Aqib,"experiment 23A, 0.6798",M,04-logregression.ipynb,
a5216c791d9433a44424ec1f9879b4e5f3bc5098,2025-11-16,Zuha Aqib,"experiment 23A, 0.6798",M,logs/experiments_log_Zuha.csv,
a5216c791d9433a44424ec1f9879b4e5f3bc5098,2025-11-16,Zuha Aqib,"experiment 23A, 0.6798",M,logs/logreg_Zuha.csv,
a5216c791d9433a44424ec1f9879b4e5f3bc5098,2025-11-16,Zuha Aqib,"experiment 23A, 0.6798",M,submissions/logreg_Zuha.csv,
325975749a18577f196288153ef24249df9cb219,2025-11-16,Zuha Aqib,Merge branch 'main' of https://github.com/z-aqib/ml-competition,,,
f1c2df2a243b5c0932029ba253db44d9be77905b,2025-11-16,maryamihsan,Merge branch 'main' of https://github.com/z-aqib/ml-competition,,,
54325ce3898186ddc82ad889527ac192ff9a42e0,2025-11-16,maryamihsan,"experiment 11B, 0.5583",M,02-xgboost.ipynb,
54325ce3898186ddc82ad889527ac192ff9a42e0,2025-11-16,maryamihsan,"experiment 11B, 0.5583",M,logs/experiments_log_Maryam.csv,
54325ce3898186ddc82ad889527ac192ff9a42e0,2025-11-16,maryamihsan,"experiment 11B, 0.5583",M,logs/xgboost_Maryam.csv,
54325ce3898186ddc82ad889527ac192ff9a42e0,2025-11-16,maryamihsan,"experiment 11B, 0.5583",M,submissions/xgboost_Maryam.csv,
dab4f6d9d813cae566286648c5c49087f15b763b,2025-11-16,maryamihsan,"experiment 10B, 0.5125",M,02-xgboost.ipynb,
dab4f6d9d813cae566286648c5c49087f15b763b,2025-11-16,maryamihsan,"experiment 10B, 0.5125",M,logs/experiments_log_Maryam.csv,
dab4f6d9d813cae566286648c5c49087f15b763b,2025-11-16,maryamihsan,"experiment 10B, 0.5125",M,logs/xgboost_Maryam.csv,
dab4f6d9d813cae566286648c5c49087f15b763b,2025-11-16,maryamihsan,"experiment 10B, 0.5125",M,submissions/xgboost_Maryam.csv,
21d591a5b65d3e714d631feeb57fdd46a8eb099a,2025-11-16,Zuha Aqib,"experiment 22A, 0.6982",M,04-logregression.ipynb,
21d591a5b65d3e714d631feeb57fdd46a8eb099a,2025-11-16,Zuha Aqib,"experiment 22A, 0.6982",M,logs/experiments_log_Zuha.csv,
21d591a5b65d3e714d631feeb57fdd46a8eb099a,2025-11-16,Zuha Aqib,"experiment 22A, 0.6982",M,logs/logreg_Zuha.csv,
21d591a5b65d3e714d631feeb57fdd46a8eb099a,2025-11-16,Zuha Aqib,"experiment 22A, 0.6982",M,submissions/logreg_Zuha.csv,
ed8ddeb5354e5ab50ceaaaa1fb06f9f51a6954a3,2025-11-16,maryamihsan,"experiment 9B, 0.5296",M,02-xgboost.ipynb,
ed8ddeb5354e5ab50ceaaaa1fb06f9f51a6954a3,2025-11-16,maryamihsan,"experiment 9B, 0.5296",M,logs/experiments_log_Maryam.csv,
ed8ddeb5354e5ab50ceaaaa1fb06f9f51a6954a3,2025-11-16,maryamihsan,"experiment 9B, 0.5296",M,logs/xgboost_Maryam.csv,
ed8ddeb5354e5ab50ceaaaa1fb06f9f51a6954a3,2025-11-16,maryamihsan,"experiment 9B, 0.5296",M,submissions/xgboost_Maryam.csv,
667a01da497ac9196fa214c3f82e43c8b62c751b,2025-11-16,Zuha Aqib,Merge branch 'main' of https://github.com/z-aqib/ml-competition,,,
7ea4b16a3a15af6a49b1ce59efd8d2b72a11f115,2025-11-16,Zuha Aqib,"experiment 21A, 0.7228",M,04-logregression.ipynb,
7ea4b16a3a15af6a49b1ce59efd8d2b72a11f115,2025-11-16,Zuha Aqib,"experiment 21A, 0.7228",M,logs/experiments_log_Zuha.csv,
7ea4b16a3a15af6a49b1ce59efd8d2b72a11f115,2025-11-16,Zuha Aqib,"experiment 21A, 0.7228",M,logs/logreg_Zuha.csv,
7ea4b16a3a15af6a49b1ce59efd8d2b72a11f115,2025-11-16,Zuha Aqib,"experiment 21A, 0.7228",M,submissions/logreg_Zuha.csv,
1a573fe9f25c42fa709055cb9a667f23fef9171e,2025-11-16,maryamihsan,Merge branch 'main' of https://github.com/z-aqib/ml-competition,,,
a5a6e4f1a954f5d29e1bd83eb176e8907239f16b,2025-11-16,maryamihsan,"experiment 8B, 0.4962",M,02-xgboost.ipynb,
a5a6e4f1a954f5d29e1bd83eb176e8907239f16b,2025-11-16,maryamihsan,"experiment 8B, 0.4962",M,logs/experiments_log_Maryam.csv,
a5a6e4f1a954f5d29e1bd83eb176e8907239f16b,2025-11-16,maryamihsan,"experiment 8B, 0.4962",M,logs/xgboost_Maryam.csv,
a5a6e4f1a954f5d29e1bd83eb176e8907239f16b,2025-11-16,maryamihsan,"experiment 8B, 0.4962",M,submissions/submission.csv,
a5a6e4f1a954f5d29e1bd83eb176e8907239f16b,2025-11-16,maryamihsan,"experiment 8B, 0.4962",A,submissions/xgboost_Maryam.csv,
7aa1919d8e7ac9a743182f62271aff270f109a89,2025-11-16,Zuha Aqib,"experiment 20A, 0.6862",M,04-logregression.ipynb,
7aa1919d8e7ac9a743182f62271aff270f109a89,2025-11-16,Zuha Aqib,"experiment 20A, 0.6862",M,logs/experiments_log_Zuha.csv,
7aa1919d8e7ac9a743182f62271aff270f109a89,2025-11-16,Zuha Aqib,"experiment 20A, 0.6862",M,logs/logreg_Zuha.csv,
7aa1919d8e7ac9a743182f62271aff270f109a89,2025-11-16,Zuha Aqib,"experiment 20A, 0.6862",M,submissions/logreg_Zuha.csv,
3a8073ea0645783a023854febd9a524d561dee25,2025-11-16,Zuha Aqib,Merge branch 'main' of https://github.com/z-aqib/ml-competition,,,
2d1e6ce3729676bc8432a3d670b93241987999ec,2025-11-16,maryamihsan,"experiment 7B, 0.5199",M,02-xgboost.ipynb,
2d1e6ce3729676bc8432a3d670b93241987999ec,2025-11-16,maryamihsan,"experiment 7B, 0.5199",M,logs/experiments_log_Maryam.csv,
2d1e6ce3729676bc8432a3d670b93241987999ec,2025-11-16,maryamihsan,"experiment 7B, 0.5199",M,logs/xgboost_Maryam.csv,
2d1e6ce3729676bc8432a3d670b93241987999ec,2025-11-16,maryamihsan,"experiment 7B, 0.5199",M,submissions/submission.csv,
1810d593f20000cb1b65155bdb8e2fb90d384e09,2025-11-16,Zuha Aqib,Merge branch 'main' of https://github.com/z-aqib/ml-competition,,,
36bb9805b34da62c2fec40fe9e5508da9214f045,2025-11-16,Zuha Aqib,"experiment 19A, 0.6745",M,04-logregression.ipynb,
36bb9805b34da62c2fec40fe9e5508da9214f045,2025-11-16,Zuha Aqib,"experiment 19A, 0.6745",M,logs/experiments_log_Zuha.csv,
36bb9805b34da62c2fec40fe9e5508da9214f045,2025-11-16,Zuha Aqib,"experiment 19A, 0.6745",M,logs/logreg_Zuha.csv,
36bb9805b34da62c2fec40fe9e5508da9214f045,2025-11-16,Zuha Aqib,"experiment 19A, 0.6745",M,submissions/logreg_Zuha.csv,
abd3221cda80183e36c10e2b9808006bed768994,2025-11-16,maryamihsan,"experiment 6B, 0.5628",M,02-xgboost.ipynb,
abd3221cda80183e36c10e2b9808006bed768994,2025-11-16,maryamihsan,"experiment 6B, 0.5628",M,logs/experiments_log_Maryam.csv,
abd3221cda80183e36c10e2b9808006bed768994,2025-11-16,maryamihsan,"experiment 6B, 0.5628",M,logs/xgboost_Maryam.csv,
abd3221cda80183e36c10e2b9808006bed768994,2025-11-16,maryamihsan,"experiment 6B, 0.5628",M,submissions/submission.csv,
df1c951158aa003215284a7074cab04b62e22608,2025-11-16,Zuha Aqib,"experiment 18A, 0.6714",M,04-logregression.ipynb,
df1c951158aa003215284a7074cab04b62e22608,2025-11-16,Zuha Aqib,"experiment 18A, 0.6714",M,logs/experiments_log_Zuha.csv,
df1c951158aa003215284a7074cab04b62e22608,2025-11-16,Zuha Aqib,"experiment 18A, 0.6714",M,logs/logreg_Zuha.csv,
df1c951158aa003215284a7074cab04b62e22608,2025-11-16,Zuha Aqib,"experiment 18A, 0.6714",A,submissions/logreg_Zuha.csv,
fb872a0ab55cf479f016c9ff46f487983818e962,2025-11-16,maryamihsan,"experiment 5B, 0.4973",M,02-xgboost.ipynb,
fb872a0ab55cf479f016c9ff46f487983818e962,2025-11-16,maryamihsan,"experiment 5B, 0.4973",M,logs/experiments_log_Maryam.csv,
fb872a0ab55cf479f016c9ff46f487983818e962,2025-11-16,maryamihsan,"experiment 5B, 0.4973",M,logs/xgboost_Maryam.csv,
fb872a0ab55cf479f016c9ff46f487983818e962,2025-11-16,maryamihsan,"experiment 5B, 0.4973",M,submissions/submission.csv,
84a65ff794f8eafa166be6d463d447aa8655c97a,2025-11-16,Zuha Aqib,Merge branches 'main' and 'main' of https://github.com/z-aqib/ml-competition,,,
7de465fde9dfad4550ce6ca113b8c5f31c346a8f,2025-11-16,Zuha Aqib,"experiment 17A, 0.3820",M,01-lightgbm.ipynb,
7de465fde9dfad4550ce6ca113b8c5f31c346a8f,2025-11-16,Zuha Aqib,"experiment 17A, 0.3820",M,logs/experiments_log_Zuha.csv,
7de465fde9dfad4550ce6ca113b8c5f31c346a8f,2025-11-16,Zuha Aqib,"experiment 17A, 0.3820",M,logs/lightgbm_Zuha.csv,
7de465fde9dfad4550ce6ca113b8c5f31c346a8f,2025-11-16,Zuha Aqib,"experiment 17A, 0.3820",A,submissions/submission_Zuha.csv,
3ca7757b7574e0fb78548938362d4ef21664cc3c,2025-11-16,maryamihsan,experiment 4B,M,02-xgboost.ipynb,
3ca7757b7574e0fb78548938362d4ef21664cc3c,2025-11-16,maryamihsan,experiment 4B,M,logs/experiments_log_Maryam.csv,
3ca7757b7574e0fb78548938362d4ef21664cc3c,2025-11-16,maryamihsan,experiment 4B,M,logs/xgboost_Maryam.csv,
3ca7757b7574e0fb78548938362d4ef21664cc3c,2025-11-16,maryamihsan,experiment 4B,M,submissions/submission.csv,
2a7b0f4a050bfa467419a61a93f96aad30d0495b,2025-11-16,maryamihsan,"experiment 3B, 0.4491",M,02-xgboost.ipynb,
2a7b0f4a050bfa467419a61a93f96aad30d0495b,2025-11-16,maryamihsan,"experiment 3B, 0.4491",M,logs/experiments_log_Maryam.csv,
2a7b0f4a050bfa467419a61a93f96aad30d0495b,2025-11-16,maryamihsan,"experiment 3B, 0.4491",M,logs/xgboost_Maryam.csv,
6689b62395fa83730278e754f287d6ca1a836a04,2025-11-16,maryamihsan,Merge branch 'main' of https://github.com/z-aqib/ml-competition,,,
e7c864738edf51d0df85db5ab9df31c3e4e42948,2025-11-16,maryamihsan,experiment 2B,M,02-xgboost.ipynb,
e7c864738edf51d0df85db5ab9df31c3e4e42948,2025-11-16,maryamihsan,experiment 2B,M,logs/experiments_log_Maryam.csv,
e7c864738edf51d0df85db5ab9df31c3e4e42948,2025-11-16,maryamihsan,experiment 2B,M,logs/xgboost_Maryam.csv,
e7c864738edf51d0df85db5ab9df31c3e4e42948,2025-11-16,maryamihsan,experiment 2B,M,submissions/submission.csv,
27eaf77bb7159c7533cb6c57675557c34b7f4548,2025-11-16,Zuha Aqib,Merge branch 'main' of https://github.com/z-aqib/ml-competition,,,
e83fc59edb8a40f175e0c6cb1394f6682e54afc5,2025-11-16,Zuha Aqib,"experiment 15A, 0.4775",M,01-lightgbm.ipynb,
e83fc59edb8a40f175e0c6cb1394f6682e54afc5,2025-11-16,Zuha Aqib,"experiment 15A, 0.4775",M,logs/experiments_log_Zuha.csv,
e83fc59edb8a40f175e0c6cb1394f6682e54afc5,2025-11-16,Zuha Aqib,"experiment 15A, 0.4775",M,logs/lightgbm_Zuha.csv,
e83fc59edb8a40f175e0c6cb1394f6682e54afc5,2025-11-16,Zuha Aqib,"experiment 15A, 0.4775",M,submissions/submission.csv,
b34b357c24daab68edaf3899d9def160bd2bb83a,2025-11-16,Zuha Aqib,"experiment 16A, 0.5647",M,04-logregression.ipynb,
b34b357c24daab68edaf3899d9def160bd2bb83a,2025-11-16,Zuha Aqib,"experiment 16A, 0.5647",M,logs/experiments_log_Zuha.csv,
b34b357c24daab68edaf3899d9def160bd2bb83a,2025-11-16,Zuha Aqib,"experiment 16A, 0.5647",M,logs/logreg_Zuha.csv,
b34b357c24daab68edaf3899d9def160bd2bb83a,2025-11-16,Zuha Aqib,"experiment 16A, 0.5647",M,submissions/logreg.csv,
97044bacbb236cbbc4aa8f91af6c1b3ea39ada31,2025-11-16,Maham Junaid,Merge branch 'main' of https://github.com/z-aqib/ml-competition,,,
f36a611796eb7e88962e6d1b790156d6f0e3360a,2025-11-16,Maham Junaid,experiment 1C,M,03-mlp.ipynb,
f36a611796eb7e88962e6d1b790156d6f0e3360a,2025-11-16,Maham Junaid,experiment 1C,M,README.md,
f36a611796eb7e88962e6d1b790156d6f0e3360a,2025-11-16,Maham Junaid,experiment 1C,A,logs/experiments_log_Maham.csv,
f36a611796eb7e88962e6d1b790156d6f0e3360a,2025-11-16,Maham Junaid,experiment 1C,A,logs/mlp_Maham.csv,
f36a611796eb7e88962e6d1b790156d6f0e3360a,2025-11-16,Maham Junaid,experiment 1C,A,submissions/submission.csv,
6caccb36ee12df4a66687218506c0f3ba28cac71,2025-11-16,Zuha Aqib,"experiment 12A, no change from 10A in test so no submission",M,01-lightgbm.ipynb,
6caccb36ee12df4a66687218506c0f3ba28cac71,2025-11-16,Zuha Aqib,"experiment 12A, no change from 10A in test so no submission",M,logs/experiments_log_Zuha.csv,
6caccb36ee12df4a66687218506c0f3ba28cac71,2025-11-16,Zuha Aqib,"experiment 12A, no change from 10A in test so no submission",M,logs/lightgbm_Zuha.csv,
3cc2581e96e9fd9c0f01e39d261ea2c618a523f2,2025-11-16,Zuha Aqib,"experiment 14A, 0.5989",M,04-logregression.ipynb,
3cc2581e96e9fd9c0f01e39d261ea2c618a523f2,2025-11-16,Zuha Aqib,"experiment 14A, 0.5989",M,logs/experiments_log_Zuha.csv,
3cc2581e96e9fd9c0f01e39d261ea2c618a523f2,2025-11-16,Zuha Aqib,"experiment 14A, 0.5989",M,logs/logreg_Zuha.csv,
3cc2581e96e9fd9c0f01e39d261ea2c618a523f2,2025-11-16,Zuha Aqib,"experiment 14A, 0.5989",M,submissions/logreg.csv,
a264f087596943c1a424b69222e2463a6a1d8e62,2025-11-16,Zuha Aqib,"experiment 13A, 0.5844",M,04-logregression.ipynb,
a264f087596943c1a424b69222e2463a6a1d8e62,2025-11-16,Zuha Aqib,"experiment 13A, 0.5844",M,logs/experiments_log_Zuha.csv,
a264f087596943c1a424b69222e2463a6a1d8e62,2025-11-16,Zuha Aqib,"experiment 13A, 0.5844",M,logs/logreg_Zuha.csv,
a264f087596943c1a424b69222e2463a6a1d8e62,2025-11-16,Zuha Aqib,"experiment 13A, 0.5844",M,submissions/logreg.csv,
74ae1a49ff5ba7f60cb2e7c158c982c1fc0e5cb3,2025-11-16,Zuha Aqib,"experiment 11A, 0.3820",M,04-logregression.ipynb,
74ae1a49ff5ba7f60cb2e7c158c982c1fc0e5cb3,2025-11-16,Zuha Aqib,"experiment 11A, 0.3820",M,logs/experiments_log_Zuha.csv,
74ae1a49ff5ba7f60cb2e7c158c982c1fc0e5cb3,2025-11-16,Zuha Aqib,"experiment 11A, 0.3820",M,logs/logreg_Zuha.csv,
74ae1a49ff5ba7f60cb2e7c158c982c1fc0e5cb3,2025-11-16,Zuha Aqib,"experiment 11A, 0.3820",M,submissions/logreg.csv,
dc85e5d0837500e2ec17af32120acdf0bb0bd76b,2025-11-16,Zuha Aqib,"experiment 10A, 0.5577",M,01-lightgbm.ipynb,
dc85e5d0837500e2ec17af32120acdf0bb0bd76b,2025-11-16,Zuha Aqib,"experiment 10A, 0.5577",M,logs/experiments_log_Zuha.csv,
dc85e5d0837500e2ec17af32120acdf0bb0bd76b,2025-11-16,Zuha Aqib,"experiment 10A, 0.5577",M,logs/lightgbm_Zuha.csv,
dc85e5d0837500e2ec17af32120acdf0bb0bd76b,2025-11-16,Zuha Aqib,"experiment 10A, 0.5577",M,submissions/submission.csv,
38306786a9d4ed47780da38bc0baca189028b564,2025-11-16,Zuha Aqib,"experiment 9A, 0.5752",M,04-logregression.ipynb,
38306786a9d4ed47780da38bc0baca189028b564,2025-11-16,Zuha Aqib,"experiment 9A, 0.5752",M,logs/experiments_log_Zuha.csv,
38306786a9d4ed47780da38bc0baca189028b564,2025-11-16,Zuha Aqib,"experiment 9A, 0.5752",M,logs/logreg_Zuha.csv,
38306786a9d4ed47780da38bc0baca189028b564,2025-11-16,Zuha Aqib,"experiment 9A, 0.5752",M,submissions/logreg.csv,
63e40d99f10fcb868a6afaf3f576a9088ed138df,2025-11-16,Zuha Aqib,"experiment 8A, 0.5227",M,01-lightgbm.ipynb,
63e40d99f10fcb868a6afaf3f576a9088ed138df,2025-11-16,Zuha Aqib,"experiment 8A, 0.5227",M,logs/experiments_log_Zuha.csv,
63e40d99f10fcb868a6afaf3f576a9088ed138df,2025-11-16,Zuha Aqib,"experiment 8A, 0.5227",M,logs/lightgbm_Zuha.csv,
63e40d99f10fcb868a6afaf3f576a9088ed138df,2025-11-16,Zuha Aqib,"experiment 8A, 0.5227",M,submissions/submission.csv,
436f4d6bf4620a0fa50c887b9c85d6d8f85edf83,2025-11-16,Zuha Aqib,"experiment 7A, 0.6092",M,04-logregression.ipynb,
436f4d6bf4620a0fa50c887b9c85d6d8f85edf83,2025-11-16,Zuha Aqib,"experiment 7A, 0.6092",M,logs/experiments_log_Zuha.csv,
436f4d6bf4620a0fa50c887b9c85d6d8f85edf83,2025-11-16,Zuha Aqib,"experiment 7A, 0.6092",M,logs/logreg_Zuha.csv,
436f4d6bf4620a0fa50c887b9c85d6d8f85edf83,2025-11-16,Zuha Aqib,"experiment 7A, 0.6092",M,submissions/logreg.csv,
12cd05dc543399a52acf2abdc87c08238c1fe919,2025-11-16,Zuha Aqib,experiment 4A,M,01-lightgbm.ipynb,
12cd05dc543399a52acf2abdc87c08238c1fe919,2025-11-16,Zuha Aqib,experiment 4A,M,logs/experiments_log_Zuha.csv,
12cd05dc543399a52acf2abdc87c08238c1fe919,2025-11-16,Zuha Aqib,experiment 4A,M,logs/lightgbm_Zuha.csv,
12cd05dc543399a52acf2abdc87c08238c1fe919,2025-11-16,Zuha Aqib,experiment 4A,M,submissions/submission.csv,
a254c222bbd19c53c2c7522bbb0d07a29212b685,2025-11-16,Zuha Aqib,experiment 6A,M,04-logregression.ipynb,
a254c222bbd19c53c2c7522bbb0d07a29212b685,2025-11-16,Zuha Aqib,experiment 6A,M,logs/experiments_log_Zuha.csv,
a254c222bbd19c53c2c7522bbb0d07a29212b685,2025-11-16,Zuha Aqib,experiment 6A,M,logs/logreg_Zuha.csv,
a254c222bbd19c53c2c7522bbb0d07a29212b685,2025-11-16,Zuha Aqib,experiment 6A,M,submissions/logreg.csv,
6826f6755882a2ac06dc5f4e694217c5718acfc1,2025-11-16,Zuha Aqib,removed incorrect submission,M,logs/experiments_log_Zuha.csv,
0734bb606138636def6138d84b314e0add5355ab,2025-11-16,Zuha Aqib,experiment 5A,M,04-logregression.ipynb,
0734bb606138636def6138d84b314e0add5355ab,2025-11-16,Zuha Aqib,experiment 5A,M,logs/experiments_log_Zuha.csv,
0734bb606138636def6138d84b314e0add5355ab,2025-11-16,Zuha Aqib,experiment 5A,A,logs/logreg_Zuha.csv,
0734bb606138636def6138d84b314e0add5355ab,2025-11-16,Zuha Aqib,experiment 5A,A,submissions/logreg.csv,
d240eedcd5099c481dd923a3b62d81735e41c879,2025-11-16,maryamihsan,experiment 1B,M,02-xgboost.ipynb,
d240eedcd5099c481dd923a3b62d81735e41c879,2025-11-16,maryamihsan,experiment 1B,A,logs/experiments_log_Maryam.csv,
d240eedcd5099c481dd923a3b62d81735e41c879,2025-11-16,maryamihsan,experiment 1B,A,logs/xgboost_Maryam.csv,
d240eedcd5099c481dd923a3b62d81735e41c879,2025-11-16,maryamihsan,experiment 1B,A,submissions/submission.csv,
acaea17416e0e6e73bad4071a570f1b53791989f,2025-11-16,Zuha Aqib,experiment 3A,M,01-lightgbm.ipynb,
acaea17416e0e6e73bad4071a570f1b53791989f,2025-11-16,Zuha Aqib,experiment 3A,M,logs/experiments_log_Zuha.csv,
acaea17416e0e6e73bad4071a570f1b53791989f,2025-11-16,Zuha Aqib,experiment 3A,M,logs/lightgbm_Zuha.csv,
acaea17416e0e6e73bad4071a570f1b53791989f,2025-11-16,Zuha Aqib,experiment 3A,A,submissions/submission.csv,
839b43eb9a92b1fedd3afd5e0568ecfc3d3ab877,2025-11-16,Zuha Aqib,experiment 2A,M,01-lightgbm.ipynb,
839b43eb9a92b1fedd3afd5e0568ecfc3d3ab877,2025-11-16,Zuha Aqib,experiment 2A,M,logs/experiments_log_Zuha.csv,
839b43eb9a92b1fedd3afd5e0568ecfc3d3ab877,2025-11-16,Zuha Aqib,experiment 2A,M,logs/lightgbm_Zuha.csv,
839b43eb9a92b1fedd3afd5e0568ecfc3d3ab877,2025-11-16,Zuha Aqib,experiment 2A,A,submissions/experiment_2A.csv,
79d786f92586f9a36a042f797223f7a26d6f22ee,2025-11-16,Zuha Aqib,experiment 1A,M,01-lightgbm.ipynb,
79d786f92586f9a36a042f797223f7a26d6f22ee,2025-11-16,Zuha Aqib,experiment 1A,A,logs/experiments_log_Zuha.csv,
79d786f92586f9a36a042f797223f7a26d6f22ee,2025-11-16,Zuha Aqib,experiment 1A,A,logs/lightgbm_Zuha.csv,
79d786f92586f9a36a042f797223f7a26d6f22ee,2025-11-16,Zuha Aqib,experiment 1A,A,submissions/experiment_1A_lgbm_baseline_v1.csv,
3275f50738468c668e5463ae8b5512b8613f7269,2025-11-16,Zuha Aqib,uploaded dataset,A,data/sample_solution.csv,
3275f50738468c668e5463ae8b5512b8613f7269,2025-11-16,Zuha Aqib,uploaded dataset,A,data/test.json,
3275f50738468c668e5463ae8b5512b8613f7269,2025-11-16,Zuha Aqib,uploaded dataset,A,data/train_p1.json,
a5a895259b416e4d45b92a228d50bb017261c13b,2025-11-16,Zuha Aqib,updated logging to make it save experimenter name as well in CSV,M,00-sampleCode.ipynb,
a5a895259b416e4d45b92a228d50bb017261c13b,2025-11-16,Zuha Aqib,updated logging to make it save experimenter name as well in CSV,M,01-lightgbm.ipynb,
a5a895259b416e4d45b92a228d50bb017261c13b,2025-11-16,Zuha Aqib,updated logging to make it save experimenter name as well in CSV,M,02-xgboost.ipynb,
a5a895259b416e4d45b92a228d50bb017261c13b,2025-11-16,Zuha Aqib,updated logging to make it save experimenter name as well in CSV,M,03-mlp.ipynb,
a5a895259b416e4d45b92a228d50bb017261c13b,2025-11-16,Zuha Aqib,updated logging to make it save experimenter name as well in CSV,M,04-logregression.ipynb,
a5a895259b416e4d45b92a228d50bb017261c13b,2025-11-16,Zuha Aqib,updated logging to make it save experimenter name as well in CSV,M,05-linearSVM.ipynb,
a5a895259b416e4d45b92a228d50bb017261c13b,2025-11-16,Zuha Aqib,updated logging to make it save experimenter name as well in CSV,M,06-RBF_SVM.ipynb,
4e5e1104271411c80699a4cc2fa4ff564d9344f9,2025-11-16,Zuha Aqib,updated RBF SVM,R072,06-RBF_SVM.ipynb,06-nonlinearSVM.ipynb
7b6eaa12f058628a59187590f16efe27b97cecb3,2025-11-16,Zuha Aqib,updated linear SVM,M,05-linearSVM.ipynb,
aa5a78f3d220a9c9a8d505b21f02b739ae9c0a43,2025-11-16,Zuha Aqib,updated logistic regression,M,04-logregression.ipynb,
ed82637af17478a8c7d14daf3d6f9775d7b1eb8d,2025-11-16,Zuha Aqib,removed irrelevant code,M,02-xgboost.ipynb,
ed82637af17478a8c7d14daf3d6f9775d7b1eb8d,2025-11-16,Zuha Aqib,removed irrelevant code,M,03-mlp.ipynb,
2d5a97de96275cea83e8f1f259d8cff3cdcf9158,2025-11-16,Zuha Aqib,updated MLP,M,03-mlp.ipynb,
4b9cbadf6a8ae68893b40b0da781acca823998c7,2025-11-16,Zuha Aqib,updated xgboost,M,02-xgboost.ipynb,
a19b4e3ba6ee2de7e1ac782d859d496f7f8ab57d,2025-11-16,Zuha Aqib,"added all code files, 01 has updated logging but rest need to be updated logging",A,00-sampleCode.ipynb,
a19b4e3ba6ee2de7e1ac782d859d496f7f8ab57d,2025-11-16,Zuha Aqib,"added all code files, 01 has updated logging but rest need to be updated logging",A,01-lightgbm.ipynb,
a19b4e3ba6ee2de7e1ac782d859d496f7f8ab57d,2025-11-16,Zuha Aqib,"added all code files, 01 has updated logging but rest need to be updated logging",A,02-xgboost.ipynb,
a19b4e3ba6ee2de7e1ac782d859d496f7f8ab57d,2025-11-16,Zuha Aqib,"added all code files, 01 has updated logging but rest need to be updated logging",A,03-mlp.ipynb,
a19b4e3ba6ee2de7e1ac782d859d496f7f8ab57d,2025-11-16,Zuha Aqib,"added all code files, 01 has updated logging but rest need to be updated logging",A,04-logregression.ipynb,
a19b4e3ba6ee2de7e1ac782d859d496f7f8ab57d,2025-11-16,Zuha Aqib,"added all code files, 01 has updated logging but rest need to be updated logging",A,05-linearSVM.ipynb,
a19b4e3ba6ee2de7e1ac782d859d496f7f8ab57d,2025-11-16,Zuha Aqib,"added all code files, 01 has updated logging but rest need to be updated logging",A,06-nonlinearSVM.ipynb,
a19b4e3ba6ee2de7e1ac782d859d496f7f8ab57d,2025-11-16,Zuha Aqib,"added all code files, 01 has updated logging but rest need to be updated logging",A,07-randomforest.ipynb,
a19b4e3ba6ee2de7e1ac782d859d496f7f8ab57d,2025-11-16,Zuha Aqib,"added all code files, 01 has updated logging but rest need to be updated logging",A,08-ERT.ipynb,
a19b4e3ba6ee2de7e1ac782d859d496f7f8ab57d,2025-11-16,Zuha Aqib,"added all code files, 01 has updated logging but rest need to be updated logging",A,09-catboost.ipynb,
a19b4e3ba6ee2de7e1ac782d859d496f7f8ab57d,2025-11-16,Zuha Aqib,"added all code files, 01 has updated logging but rest need to be updated logging",A,10-KNN.ipynb,
a19b4e3ba6ee2de7e1ac782d859d496f7f8ab57d,2025-11-16,Zuha Aqib,"added all code files, 01 has updated logging but rest need to be updated logging",A,11-ridge.ipynb,
ee74e62096ab57ade3757fabafd57c1996ad86a9,2025-11-16,Zuha Aqib,added installations,M,README.md,
ccdecab5d146ec8d2c9eaeba40dadb72bdc6ab25,2025-11-16,Zuha Aqib,git init,A,README.md,
425e00111103335957c5e7f3d66276f796c6a9ce,2025-11-16,Zuha Aqib,added guidelines,A,DSS Kaggle ML Competition Manual.pdf,
